run,temp,corner_mos,glitch,t_on,iqp
run_00,-40,typical,0.339,1.375e-06,2.137e-04
run_01,27,typical,0.327,1.361e-06,2.124e-04
run_02,125,typical,0.307,1.273e-06,2.115e-04
run_03,-40,ss,0.375,1.338e-06,2.083e-04
run_04,27,ss,0.365,1.408e-06,2.077e-04
run_05,125,ss,0.338,1.429e-06,2.074e-04
run_06,-40,sf,0.186,1.307e-06,2.145e-04
run_07,27,sf,0.173,1.282e-06,2.134e-04
run_08,125,sf,0.171,1.274e-06,2.126e-04
run_09,-40,fs,0.489,1.462e-06,2.130e-04
run_10,27,fs,0.477,1.429e-06,2.116e-04
run_11,125,fs,0.456,1.286e-06,2.106e-04
run_12,-40,ff,0.301,1.337e-06,2.193e-04
run_13,27,ff,0.289,1.317e-06,2.173e-04
run_14,125,ff,0.288,1.524e-06,2.163e-04
