run,temp,corner_mos,idd_off,va_off,vb_off,vout_off,iref_n,iref_off
run_00,-40,typical,8.228e-11,0.000,3.123e-08,0.000,6.448e-09,3.300e-12
run_01,27,typical,8.878e-11,0.000,4.336e-08,0.000,8.129e-09,3.310e-12
run_02,125,typical,3.889e-10,0.000,1.818e-07,-1.000e-06,3.682e-08,1.170e-11
run_03,-40,ss,7.782e-11,0.000,3.105e-08,0.000,6.961e-09,3.300e-12
run_04,27,ss,8.351e-11,0.000,4.381e-08,0.000,8.817e-09,3.300e-12
run_05,125,ss,1.345e-10,0.000,8.894e-08,0.000,1.528e-08,4.334e-12
run_06,-40,sf,8.569e-11,0.000,3.508e-08,0.000,6.859e-09,3.300e-12
run_07,27,sf,9.321e-11,0.000,4.850e-08,0.000,8.669e-09,3.305e-12
run_08,125,sf,1.176e-09,0.000,1.661e-07,1.000e-06,3.027e-08,8.890e-12
run_09,-40,fs,7.895e-11,0.000,2.785e-08,0.000,6.080e-09,3.300e-12
run_10,27,fs,2.446e-10,0.000,8.725e-08,0.000,7.754e-09,1.328e-11
run_11,125,fs,6.505e-10,1.000e-06,5.329e-07,-4.000e-06,1.248e-07,4.271e-11
run_12,-40,ff,8.689e-11,0.000,3.142e-08,0.000,6.027e-09,3.300e-12
run_13,27,ff,9.950e-11,0.000,4.518e-08,0.000,7.901e-09,3.480e-12
run_14,125,ff,2.918e-09,1.000e-06,9.489e-07,-5.000e-06,2.288e-07,8.100e-11
