run,vdd,temp,corner_mos,gain,vos,iq_p,i_dd
run_00,3.0,-40,typical,0.500,1.616e-05,2.093e-04,2.948e-04
run_01,3.3,-40,typical,0.500,1.684e-05,2.137e-04,2.996e-04
run_02,3.6,-40,typical,0.500,2.371e-05,2.178e-04,3.040e-04
run_03,3.0,27,typical,0.500,1.675e-05,2.087e-04,2.940e-04
run_04,3.3,27,typical,0.500,1.840e-05,2.124e-04,2.980e-04
run_05,3.6,27,typical,0.500,3.085e-05,2.159e-04,3.018e-04
run_06,3.0,125,typical,0.500,5.672e-05,2.084e-04,2.935e-04
run_07,3.3,125,typical,0.500,6.174e-05,2.115e-04,2.968e-04
run_08,3.6,125,typical,0.500,7.797e-05,2.143e-04,3.000e-04
run_09,3.0,-40,ss,0.500,1.414e-05,2.034e-04,2.885e-04
run_10,3.3,-40,ss,0.500,1.410e-05,2.083e-04,2.938e-04
run_11,3.6,-40,ss,0.500,1.535e-05,2.126e-04,2.984e-04
run_12,3.0,27,ss,0.500,1.348e-05,2.035e-04,2.886e-04
run_13,3.3,27,ss,0.500,1.355e-05,2.077e-04,2.930e-04
run_14,3.6,27,ss,0.500,1.628e-05,2.113e-04,2.969e-04
run_15,3.0,125,ss,0.500,1.978e-05,2.040e-04,2.889e-04
run_16,3.3,125,ss,0.500,2.034e-05,2.074e-04,2.925e-04
run_17,3.6,125,ss,0.500,2.680e-05,2.104e-04,2.958e-04
run_18,3.0,-40,sf,0.500,1.800e-05,2.103e-04,2.957e-04
run_19,3.3,-40,sf,0.500,1.873e-05,2.145e-04,3.003e-04
run_20,3.6,-40,sf,0.500,2.541e-05,2.185e-04,3.047e-04
run_21,3.0,27,sf,0.500,2.090e-05,2.097e-04,2.950e-04
run_22,3.3,27,sf,0.500,2.261e-05,2.134e-04,2.989e-04
run_23,3.6,27,sf,0.500,3.427e-05,2.168e-04,3.027e-04
run_24,3.0,125,sf,0.500,1.604e-04,2.096e-04,2.947e-04
run_25,3.3,125,sf,0.500,1.656e-04,2.126e-04,2.980e-04
run_26,3.6,125,sf,0.500,1.311e-04,2.154e-04,3.010e-04
run_27,3.0,-40,fs,0.500,1.526e-05,2.083e-04,2.938e-04
run_28,3.3,-40,fs,0.500,1.587e-05,2.130e-04,2.989e-04
run_29,3.6,-40,fs,0.500,2.291e-05,2.172e-04,3.034e-04
run_30,3.0,27,fs,0.500,1.558e-05,2.076e-04,2.929e-04
run_31,3.3,27,fs,0.500,1.717e-05,2.116e-04,2.972e-04
run_32,3.6,27,fs,0.500,2.997e-05,2.152e-04,3.011e-04
run_33,3.0,125,fs,0.500,2.552e-04,2.074e-04,2.926e-04
run_34,3.3,125,fs,0.500,2.587e-04,2.106e-04,2.960e-04
run_35,3.6,125,fs,0.500,2.844e-04,2.136e-04,2.993e-04
run_36,3.0,-40,ff,0.500,2.053e-05,2.150e-04,3.009e-04
run_37,3.3,-40,ff,0.500,2.500e-05,2.193e-04,3.055e-04
run_38,3.6,-40,ff,0.500,4.307e-05,2.233e-04,3.100e-04
run_39,3.0,27,ff,0.500,2.721e-05,2.137e-04,2.993e-04
run_40,3.3,27,ff,0.500,3.588e-05,2.173e-04,3.032e-04
run_41,3.6,27,ff,0.500,6.473e-05,2.208e-04,3.071e-04
run_42,3.0,125,ff,0.499,7.647e-04,2.133e-04,2.986e-04
run_43,3.3,125,ff,0.499,7.835e-04,2.163e-04,3.019e-04
run_44,3.6,125,ff,0.500,7.297e-04,2.189e-04,3.049e-04
