run,vdd,temp,corner_mos,e_bp,e_bn,e_bpc,e_bnc,e_abp,e_abn,Idd
run_00,3.0,-40,typical,-4.844e-03,-2.145e-03,-2.587e-02,-5.062e-03,-1.507e-02,-4.853e-03,3.404e-05
run_01,3.3,-40,typical,-1.361e-03,2.025e-03,-2.250e-02,-8.575e-04,-1.129e-02,-3.587e-04,3.425e-05
run_02,3.6,-40,typical,2.670e-03,6.716e-03,-1.913e-02,3.842e-03,-7.744e-03,4.532e-03,3.448e-05
run_03,3.0,27,typical,2.109e-02,2.384e-02,1.822e-02,2.118e-02,1.331e-02,2.162e-02,3.491e-05
run_04,3.3,27,typical,2.430e-02,2.771e-02,2.140e-02,2.509e-02,1.675e-02,2.574e-02,3.509e-05
run_05,3.6,27,typical,2.802e-02,3.205e-02,2.453e-02,2.946e-02,2.001e-02,3.024e-02,3.529e-05
run_06,3.0,125,typical,-8.442e-03,-5.653e-03,6.396e-03,-7.928e-03,-1.360e-02,-7.215e-03,3.391e-05
run_07,3.3,125,typical,-5.477e-03,-2.100e-03,9.393e-03,-4.320e-03,-1.052e-02,-3.498e-03,3.407e-05
run_08,3.6,125,typical,-1.989e-03,1.951e-03,1.238e-02,-2.458e-04,-7.509e-03,6.546e-04,3.424e-05
run_09,3.0,-40,ss,-7.946e-03,-5.998e-03,-3.032e-02,-9.054e-03,-2.048e-02,-9.605e-03,3.386e-05
run_10,3.3,-40,ss,-4.595e-03,-1.942e-03,-2.698e-02,-4.952e-03,-1.606e-02,-4.973e-03,3.405e-05
run_11,3.6,-40,ss,-9.979e-04,2.316e-03,-2.371e-02,-6.697e-04,-1.234e-02,-3.754e-04,3.426e-05
run_12,3.0,27,ss,1.815e-02,2.016e-02,1.340e-02,1.731e-02,8.514e-03,1.717e-02,3.475e-05
run_13,3.3,27,ss,2.126e-02,2.394e-02,1.657e-02,2.115e-02,1.240e-02,2.139e-02,3.492e-05
run_14,3.6,27,ss,2.457e-02,2.789e-02,1.965e-02,2.514e-02,1.579e-02,2.562e-02,3.510e-05
run_15,3.0,125,ss,-1.125e-02,-9.162e-03,1.316e-03,-1.167e-02,-1.775e-02,-1.131e-02,3.376e-05
run_16,3.3,125,ss,-8.376e-03,-5.682e-03,4.334e-03,-8.120e-03,-1.443e-02,-7.543e-03,3.391e-05
run_17,3.6,125,ss,-5.295e-03,-2.033e-03,7.252e-03,-4.427e-03,-1.137e-02,-3.710e-03,3.407e-05
run_18,3.0,-40,sf,-4.906e-03,-2.027e-03,-2.622e-02,-4.982e-03,-1.366e-02,-5.323e-03,3.410e-05
run_19,3.3,-40,sf,-1.376e-03,2.208e-03,-2.292e-02,-7.060e-04,-1.011e-02,-6.193e-04,3.432e-05
run_20,3.6,-40,sf,2.973e-03,7.227e-03,-1.955e-02,4.329e-03,-6.705e-03,4.681e-03,3.456e-05
run_21,3.0,27,sf,2.100e-02,2.395e-02,1.768e-02,2.127e-02,1.443e-02,2.122e-02,3.496e-05
run_22,3.3,27,sf,2.426e-02,2.788e-02,2.079e-02,2.525e-02,1.769e-02,2.551e-02,3.515e-05
run_23,3.6,27,sf,2.829e-02,3.254e-02,2.391e-02,2.994e-02,2.083e-02,3.040e-02,3.536e-05
run_24,3.0,125,sf,-8.573e-03,-5.573e-03,5.693e-03,-7.849e-03,-1.282e-02,-7.520e-03,3.394e-05
run_25,3.3,125,sf,-5.557e-03,-1.952e-03,8.628e-03,-4.164e-03,-9.860e-03,-3.664e-03,3.411e-05
run_26,3.6,125,sf,-1.738e-03,2.438e-03,1.161e-02,2.601e-04,-6.900e-03,8.760e-04,3.429e-05
run_27,3.0,-40,fs,-4.769e-03,-2.221e-03,-2.551e-02,-5.115e-03,-1.679e-02,-4.459e-03,3.399e-05
run_28,3.3,-40,fs,-1.287e-03,1.931e-03,-2.206e-02,-9.332e-04,-1.261e-02,-7.418e-05,3.419e-05
run_29,3.6,-40,fs,2.543e-03,6.420e-03,-1.865e-02,3.551e-03,-8.861e-03,4.548e-03,3.440e-05
run_30,3.0,27,fs,2.120e-02,2.379e-02,1.877e-02,2.114e-02,1.197e-02,2.197e-02,3.487e-05
run_31,3.3,27,fs,2.441e-02,2.764e-02,2.203e-02,2.503e-02,1.571e-02,2.601e-02,3.505e-05
run_32,3.6,27,fs,2.794e-02,3.179e-02,2.522e-02,2.919e-02,1.914e-02,3.027e-02,3.523e-05
run_33,3.0,125,fs,-8.272e-03,-5.646e-03,7.147e-03,-7.934e-03,-1.448e-02,-6.887e-03,3.388e-05
run_34,3.3,125,fs,-5.314e-03,-2.113e-03,1.022e-02,-4.354e-03,-1.122e-02,-3.239e-03,3.403e-05
run_35,3.6,125,fs,-2.023e-03,1.740e-03,1.325e-02,-4.910e-04,-8.101e-03,6.742e-04,3.419e-05
run_36,3.0,-40,ff,-1.566e-03,1.951e-03,-2.129e-02,-8.587e-04,-1.018e-02,-1.324e-04,3.424e-05
run_37,3.3,-40,ff,2.157e-03,6.353e-03,-1.786e-02,3.567e-03,-6.564e-03,4.466e-03,3.447e-05
run_38,3.6,-40,ff,6.893e-03,1.177e-02,-1.429e-02,8.967e-03,-3.041e-03,9.980e-03,3.472e-05
run_39,3.0,27,ff,2.419e-02,2.776e-02,2.317e-02,2.526e-02,1.778e-02,2.609e-02,3.509e-05
run_40,3.3,27,ff,2.762e-02,3.183e-02,2.638e-02,2.937e-02,2.109e-02,3.031e-02,3.529e-05
run_41,3.6,27,ff,3.202e-02,3.688e-02,2.966e-02,3.440e-02,2.434e-02,3.543e-02,3.551e-05
run_42,3.0,125,ff,-5.462e-03,-1.865e-03,1.165e-02,-3.937e-03,-9.550e-03,-2.994e-03,3.407e-05
run_43,3.3,125,ff,-2.291e-03,1.885e-03,1.466e-02,-1.464e-04,-6.541e-03,8.511e-04,3.424e-05
run_44,3.6,125,ff,1.926e-03,6.684e-03,1.782e-02,4.646e-03,-3.436e-03,5.683e-03,3.444e-05
