run,vdd,temp,corner_mos,Vbp_val,Vbn_val,Vbr_val,Ibias_val
run_00,3.0,-40,typical,2.194,0.657,1.023,9.953e-08
run_01,3.3,-40,typical,2.492,0.658,1.029,1.031e-07
run_02,3.6,-40,typical,2.790,0.660,1.039,1.089e-07
run_03,3.0,27,typical,2.283,0.576,1.013,9.681e-08
run_04,3.3,27,typical,2.581,0.577,1.020,1.000e-07
run_05,3.6,27,typical,2.878,0.580,1.032,1.057e-07
run_06,3.0,85,typical,2.360,0.507,1.009,9.694e-08
run_07,3.3,85,typical,2.658,0.509,1.017,1.001e-07
run_08,3.6,85,typical,2.955,0.512,1.031,1.060e-07
run_09,3.0,-40,ss,2.073,0.763,1.130,9.241e-08
run_10,3.3,-40,ss,2.372,0.764,1.136,9.535e-08
run_11,3.6,-40,ss,2.670,0.766,1.144,9.973e-08
run_12,3.0,27,ss,2.162,0.681,1.122,9.033e-08
run_13,3.3,27,ss,2.461,0.683,1.128,9.288e-08
run_14,3.6,27,ss,2.758,0.685,1.137,9.704e-08
run_15,3.0,85,ss,2.239,0.613,1.118,9.059e-08
run_16,3.3,85,ss,2.538,0.614,1.125,9.304e-08
run_17,3.6,85,ss,2.835,0.617,1.136,9.732e-08
run_18,3.0,-40,sf,2.284,0.735,1.104,9.700e-08
run_19,3.3,-40,sf,2.583,0.737,1.111,1.009e-07
run_20,3.6,-40,sf,2.880,0.739,1.122,1.075e-07
run_21,3.0,27,sf,2.373,0.654,1.096,9.444e-08
run_22,3.3,27,sf,2.672,0.656,1.104,9.808e-08
run_23,3.6,27,sf,2.969,0.659,1.117,1.046e-07
run_24,3.0,85,sf,2.451,0.586,1.092,9.460e-08
run_25,3.3,85,sf,2.749,0.588,1.101,9.827e-08
run_26,3.6,85,sf,3.046,0.591,1.118,1.051e-07
run_27,3.0,-40,fs,2.103,0.578,0.942,1.022e-07
run_28,3.3,-40,fs,2.402,0.580,0.948,1.055e-07
run_29,3.6,-40,fs,2.700,0.581,0.956,1.107e-07
run_30,3.0,27,fs,2.191,0.497,0.932,9.931e-08
run_31,3.3,27,fs,2.490,0.498,0.938,1.022e-07
run_32,3.6,27,fs,2.788,0.501,0.948,1.072e-07
run_33,3.0,85,fs,2.268,0.428,0.927,9.947e-08
run_34,3.3,85,fs,2.567,0.430,0.934,1.023e-07
run_35,3.6,85,fs,2.864,0.433,0.945,1.074e-07
run_36,3.0,-40,ff,2.314,0.551,0.916,1.075e-07
run_37,3.3,-40,ff,2.613,0.552,0.923,1.121e-07
run_38,3.6,-40,ff,2.910,0.555,0.935,1.200e-07
run_39,3.0,27,ff,2.403,0.470,0.906,1.041e-07
run_40,3.3,27,ff,2.701,0.472,0.914,1.084e-07
run_41,3.6,27,ff,2.998,0.475,0.929,1.162e-07
run_42,3.0,85,ff,2.480,0.401,0.901,1.042e-07
run_43,3.3,85,ff,2.778,0.403,0.911,1.085e-07
run_44,3.6,85,ff,3.074,0.407,0.928,1.167e-07
