run,temp,corner_mos,s_bn,s_abp
run_00,-40,typical,2.213e-03,1.163e-02
run_01,27,typical,2.060e-03,9.782e-03
run_02,125,typical,1.898e-03,8.030e-03
run_03,-40,ss,2.262e-03,1.316e-02
run_04,27,ss,2.115e-03,1.083e-02
run_05,125,ss,1.959e-03,8.698e-03
run_06,-40,sf,2.256e-03,1.109e-02
run_07,27,sf,2.101e-03,9.366e-03
run_08,125,sf,1.937e-03,7.742e-03
run_09,-40,fs,2.187e-03,1.260e-02
run_10,27,fs,2.036e-03,1.047e-02
run_11,125,fs,1.877e-03,8.488e-03
run_12,-40,ff,2.217e-03,1.123e-02
run_13,27,ff,2.060e-03,9.463e-03
run_14,125,ff,1.896e-03,7.827e-03
