run,vin,temp,corner_d,Iin,Vprot
run_00,-0.3,-40,typical,-4.011e-15,-3.000e-01
run_01,0,-40,typical,-3.300e-15,9.037e-13
run_02,1.65,-40,typical,2.082e-17,1.650
run_03,3.3,-40,typical,3.345e-15,3.300
run_04,3.6,-40,typical,3.969e-15,3.600
run_05,4.0,-40,typical,1.529e-08,4.000
run_06,5.0,-40,typical,2.277e-03,4.376
run_07,5.5,-40,typical,3.975e-03,4.411
run_08,-0.3,27,typical,-2.480e-12,-3.000e-01
run_09,0,27,typical,-3.313e-15,7.774e-13
run_10,1.65,27,typical,-0.000,1.650
run_11,3.3,27,typical,3.275e-15,3.300
run_12,3.6,27,typical,1.342e-12,3.600
run_13,4.0,27,typical,3.083e-06,3.999
run_14,5.0,27,typical,2.806e-03,4.341
run_15,5.5,27,typical,4.751e-03,4.385
run_16,-0.3,85,typical,-8.522e-10,-3.000e-01
run_17,0,85,typical,-3.639e-14,7.823e-12
run_18,1.65,85,typical,5.226e-14,1.650
run_19,3.3,85,typical,8.871e-14,3.300
run_20,3.6,85,typical,5.164e-10,3.600
run_21,4.0,85,typical,2.699e-05,3.994
run_22,5.0,85,typical,3.212e-03,4.309
run_23,5.5,85,typical,5.304e-03,4.360
run_24,-0.3,-40,ss,-3.997e-15,-3.000e-01
run_25,0,-40,ss,-3.300e-15,1.046e-12
run_26,1.65,-40,ss,-0.000,1.650
run_27,3.3,-40,ss,3.303e-15,3.300
run_28,3.6,-40,ss,3.955e-15,3.600
run_29,4.0,-40,ss,1.305e-08,4.000
run_30,5.0,-40,ss,1.977e-03,4.373
run_31,5.5,-40,ss,3.446e-03,4.408
run_32,-0.3,27,ss,-2.109e-12,-3.000e-01
run_33,0,27,ss,-3.311e-15,9.099e-13
run_34,1.65,27,ss,2.776e-17,1.650
run_35,3.3,27,ss,3.331e-15,3.300
run_36,3.6,27,ss,1.141e-12,3.600
run_37,4.0,27,ss,2.725e-06,3.999
run_38,5.0,27,ss,2.414e-03,4.337
run_39,5.5,27,ss,4.079e-03,4.379
run_40,-0.3,85,ss,-7.251e-10,-3.000e-01
run_41,0,85,ss,-3.143e-14,7.961e-12
run_42,1.65,85,ss,4.441e-14,1.650
run_43,3.3,85,ss,7.588e-14,3.300
run_44,3.6,85,ss,4.392e-10,3.600
run_45,4.0,85,ss,2.438e-05,3.994
run_46,5.0,85,ss,2.751e-03,4.303
run_47,5.5,85,ss,4.532e-03,4.352
run_48,-0.3,-40,ff,-4.030e-15,-3.000e-01
run_49,0,-40,ff,-3.300e-15,7.614e-13
run_50,1.65,-40,ff,-0.000,1.650
run_51,3.3,-40,ff,3.303e-15,3.300
run_52,3.6,-40,ff,3.983e-15,3.600
run_53,4.0,-40,ff,1.752e-08,4.000
run_54,5.0,-40,ff,2.682e-03,4.381
run_55,5.5,-40,ff,4.693e-03,4.417
run_56,-0.3,27,ff,-2.851e-12,-3.000e-01
run_57,0,27,ff,-3.315e-15,6.447e-13
run_58,1.65,27,ff,2.776e-17,1.650
run_59,3.3,27,ff,3.331e-15,3.300
run_60,3.6,27,ff,1.542e-12,3.600
run_61,4.0,27,ff,3.426e-06,3.999
run_62,5.0,27,ff,3.349e-03,4.349
run_63,5.5,27,ff,5.687e-03,4.394
run_64,-0.3,85,ff,-9.792e-10,-3.000e-01
run_65,0,85,ff,-4.136e-14,7.305e-12
run_66,1.65,85,ff,6.001e-14,1.650
run_67,3.3,85,ff,1.013e-13,3.300
run_68,3.6,85,ff,5.934e-10,3.600
run_69,4.0,85,ff,2.957e-05,3.995
run_70,5.0,85,ff,3.856e-03,4.319
run_71,5.5,85,ff,6.391e-03,4.371
