run,vdd,temp,corner_mos,gain,vos,inl,iqp,iqn,idd
run_00,3.0,-40,typical,0.500,1.457e-05,4.529e-04,2.105e-04,2.105e-04,2.949e-04
run_01,3.3,-40,typical,0.500,1.507e-05,1.242e-04,2.144e-04,2.144e-04,2.988e-04
run_02,3.6,-40,typical,0.500,2.126e-05,5.744e-05,2.180e-04,2.180e-04,3.024e-04
run_03,3.0,27,typical,0.500,1.586e-05,2.612e-04,2.095e-04,2.094e-04,2.937e-04
run_04,3.3,27,typical,0.500,1.729e-05,8.200e-05,2.128e-04,2.128e-04,2.970e-04
run_05,3.6,27,typical,0.500,2.882e-05,4.211e-05,2.159e-04,2.159e-04,3.001e-04
run_06,3.0,125,typical,0.500,5.121e-05,1.217e-04,2.087e-04,2.086e-04,2.927e-04
run_07,3.3,125,typical,0.500,5.521e-05,4.613e-05,2.115e-04,2.114e-04,2.955e-04
run_08,3.6,125,typical,0.500,8.002e-05,2.849e-05,2.141e-04,2.140e-04,2.981e-04
run_09,3.0,-40,ss,0.500,1.286e-05,3.474e-03,2.054e-04,2.054e-04,2.898e-04
run_10,3.3,-40,ss,0.500,1.270e-05,3.633e-04,2.097e-04,2.097e-04,2.941e-04
run_11,3.6,-40,ss,0.500,1.377e-05,1.086e-04,2.135e-04,2.135e-04,2.978e-04
run_12,3.0,27,ss,0.500,1.288e-05,1.547e-03,2.050e-04,2.050e-04,2.892e-04
run_13,3.3,27,ss,0.500,1.283e-05,2.173e-04,2.087e-04,2.087e-04,2.928e-04
run_14,3.6,27,ss,0.500,1.534e-05,7.260e-05,2.119e-04,2.118e-04,2.960e-04
run_15,3.0,125,ss,0.500,1.921e-05,5.253e-04,2.049e-04,2.049e-04,2.889e-04
run_16,3.3,125,ss,0.500,1.956e-05,1.069e-04,2.079e-04,2.078e-04,2.919e-04
run_17,3.6,125,ss,0.500,2.666e-05,4.300e-05,2.105e-04,2.105e-04,2.945e-04
run_18,3.0,-40,sf,0.500,1.611e-05,1.880e-04,2.114e-04,2.114e-04,2.958e-04
run_19,3.3,-40,sf,0.500,1.662e-05,7.524e-05,2.152e-04,2.152e-04,2.995e-04
run_20,3.6,-40,sf,0.500,2.254e-05,4.202e-05,2.187e-04,2.187e-04,3.031e-04
run_21,3.0,27,sf,0.500,1.959e-05,1.192e-04,2.105e-04,2.105e-04,2.947e-04
run_22,3.3,27,sf,0.500,2.100e-05,5.233e-05,2.137e-04,2.137e-04,2.979e-04
run_23,3.6,27,sf,0.500,3.203e-05,3.236e-05,2.168e-04,2.168e-04,3.010e-04
run_24,3.0,125,sf,0.500,1.397e-04,5.949e-05,2.099e-04,2.098e-04,2.940e-04
run_25,3.3,125,sf,0.500,1.420e-04,2.792e-05,2.126e-04,2.125e-04,2.967e-04
run_26,3.6,125,sf,0.500,1.643e-04,1.770e-05,2.152e-04,2.150e-04,2.992e-04
run_27,3.0,-40,fs,0.500,1.386e-05,1.743e-03,2.096e-04,2.096e-04,2.940e-04
run_28,3.3,-40,fs,0.500,1.432e-05,2.533e-04,2.138e-04,2.137e-04,2.982e-04
run_29,3.6,-40,fs,0.500,2.071e-05,8.800e-05,2.175e-04,2.175e-04,3.019e-04
run_30,3.0,27,fs,0.500,1.485e-05,8.458e-04,2.085e-04,2.085e-04,2.927e-04
run_31,3.3,27,fs,0.500,1.625e-05,1.564e-04,2.120e-04,2.120e-04,2.962e-04
run_32,3.6,27,fs,0.500,2.815e-05,6.122e-05,2.152e-04,2.151e-04,2.994e-04
run_33,3.0,125,fs,0.500,2.302e-04,3.349e-04,2.077e-04,2.075e-04,2.918e-04
run_34,3.3,125,fs,0.500,2.285e-04,9.680e-05,2.106e-04,2.104e-04,2.947e-04
run_35,3.6,125,fs,0.500,2.492e-04,5.641e-05,2.133e-04,2.130e-04,2.973e-04
run_36,3.0,-40,ff,0.500,1.833e-05,1.447e-04,2.155e-04,2.155e-04,2.999e-04
run_37,3.3,-40,ff,0.500,2.228e-05,6.439e-05,2.193e-04,2.193e-04,3.037e-04
run_38,3.6,-40,ff,0.500,3.742e-05,4.183e-05,2.229e-04,2.229e-04,3.073e-04
run_39,3.0,27,ff,0.500,2.533e-05,9.417e-05,2.139e-04,2.139e-04,2.981e-04
run_40,3.3,27,ff,0.500,3.316e-05,4.620e-05,2.171e-04,2.171e-04,3.014e-04
run_41,3.6,27,ff,0.500,5.905e-05,3.589e-05,2.202e-04,2.202e-04,3.045e-04
run_42,3.0,125,ff,0.499,6.768e-04,8.497e-05,2.131e-04,2.124e-04,2.971e-04
run_43,3.3,125,ff,0.499,6.819e-04,6.040e-05,2.158e-04,2.151e-04,2.998e-04
run_44,3.6,125,ff,0.500,7.194e-04,5.118e-05,2.183e-04,2.176e-04,3.024e-04
