run,temp,corner_mos,T0,fc,pm
run_00,-40,typical,93.379,1.353e+06,75.445
run_01,27,typical,93.107,1.404e+06,72.725
run_02,125,typical,79.264,1.426e+06,69.587
run_03,-40,ss,93.840,1.389e+06,74.424
run_04,27,ss,93.859,1.437e+06,71.640
run_05,125,ss,89.201,1.455e+06,68.477
run_06,-40,sf,92.985,1.408e+06,74.788
run_07,27,sf,91.130,1.459e+06,71.994
run_08,125,sf,66.264,1.470e+06,68.957
run_09,-40,fs,93.331,1.307e+06,75.982
run_10,27,fs,93.194,1.357e+06,73.355
run_11,125,fs,76.517,1.376e+06,70.164
run_12,-40,ff,96.714,1.309e+06,76.498
run_13,27,ff,96.216,1.364e+06,73.866
run_14,125,ff,59.428,1.370e+06,70.781
