run,temp,corner_mos,overshoot,slew,t_settle
run_00,-40,typical,0.000,2.162e+06,3.936e-07
run_01,27,typical,0.000,2.429e+06,3.371e-07
run_02,125,typical,8.041e-04,2.689e+06,2.706e-07
run_03,-40,ss,0.000,2.286e+06,3.705e-07
run_04,27,ss,0.000,2.557e+06,3.151e-07
run_05,125,ss,3.076e-03,2.811e+06,2.500e-07
run_06,-40,sf,0.000,2.280e+06,3.726e-07
run_07,27,sf,0.000,2.565e+06,3.172e-07
run_08,125,sf,2.621e-03,2.797e+06,2.506e-07
run_09,-40,fs,0.000,2.099e+06,3.968e-07
run_10,27,fs,0.000,2.344e+06,3.435e-07
run_11,125,fs,7.561e-04,2.592e+06,2.851e-07
run_12,-40,ff,0.000,2.042e+06,4.149e-07
run_13,27,ff,0.000,2.295e+06,3.619e-07
run_14,125,ff,2.102e-04,2.516e+06,3.002e-07
