run,tramp,temp,corner_mos,t_startup,Vbp_final,Vbn_final,Vbr_final
run_00,1e-6,-40,typical,6.746e-06,2.366,0.739,1.079
run_01,1e-3,-40,typical,-3.519e-04,2.366,0.739,1.079
run_02,1e-6,27,typical,7.411e-06,2.460,0.651,1.064
run_03,1e-3,27,typical,-4.171e-04,2.460,0.651,1.064
run_04,1e-6,85,typical,7.753e-06,2.536,0.576,1.057
run_05,1e-3,85,typical,-4.697e-04,2.536,0.576,1.057
run_06,1e-6,-40,ss,7.087e-06,2.245,0.856,1.199
run_07,1e-3,-40,ss,-3.494e-04,2.245,0.856,1.199
run_08,1e-6,27,ss,7.788e-06,2.338,0.767,1.186
run_09,1e-3,27,ss,-4.157e-04,2.338,0.767,1.186
run_10,1e-6,85,ss,8.400e-06,2.415,0.693,1.179
run_11,1e-3,85,ss,-4.647e-04,2.415,0.693,1.179
run_12,1e-6,-40,sf,6.745e-06,2.452,0.827,1.172
run_13,1e-3,-40,sf,-3.534e-04,2.452,0.827,1.172
run_14,1e-6,27,sf,7.305e-06,2.547,0.739,1.159
run_15,1e-3,27,sf,-4.190e-04,2.547,0.739,1.159
run_16,1e-6,85,sf,7.887e-06,2.624,0.665,1.153
run_17,1e-3,85,sf,-4.711e-04,2.624,0.665,1.153
run_18,1e-6,-40,fs,6.569e-06,2.279,0.643,0.978
run_19,1e-3,-40,fs,-3.477e-04,2.279,0.643,0.978
run_20,1e-6,27,fs,7.270e-06,2.372,0.555,0.962
run_21,1e-3,27,fs,-4.184e-04,2.372,0.555,0.962
run_22,1e-6,85,fs,7.876e-06,2.448,0.480,0.953
run_23,1e-3,85,fs,-4.695e-04,2.448,0.480,0.953
run_24,1e-6,-40,ff,6.189e-06,2.489,0.612,0.948
run_25,1e-3,-40,ff,-3.567e-04,2.489,0.612,0.948
run_26,1e-6,27,ff,6.980e-06,2.583,0.524,0.933
run_27,1e-3,27,ff,-4.235e-04,2.583,0.524,0.933
run_28,1e-6,85,ff,7.383e-06,2.660,0.450,0.924
run_29,1e-3,85,ff,-4.776e-04,2.660,0.450,0.924
