run,vdd,temp,corner_mos,e_iout,Idd
run_00,3.0,-40,typical,-1.225e-02,1.025e-05
run_01,3.3,-40,typical,-1.096e-02,1.036e-05
run_02,3.6,-40,typical,-9.693e-03,1.049e-05
run_03,3.0,27,typical,1.501e-02,1.045e-05
run_04,3.3,27,typical,1.648e-02,1.055e-05
run_05,3.6,27,typical,1.793e-02,1.065e-05
run_06,3.0,125,typical,-1.304e-02,1.011e-05
run_07,3.3,125,typical,-1.134e-02,1.019e-05
run_08,3.6,125,typical,-9.629e-03,1.028e-05
run_09,3.0,-40,ss,-1.331e-02,1.016e-05
run_10,3.3,-40,ss,-1.200e-02,1.026e-05
run_11,3.6,-40,ss,-1.072e-02,1.038e-05
run_12,3.0,27,ss,1.378e-02,1.038e-05
run_13,3.3,27,ss,1.528e-02,1.046e-05
run_14,3.6,27,ss,1.674e-02,1.056e-05
run_15,3.0,125,ss,-1.450e-02,1.005e-05
run_16,3.3,125,ss,-1.277e-02,1.012e-05
run_17,3.6,125,ss,-1.106e-02,1.020e-05
run_18,3.0,-40,sf,-1.221e-02,1.030e-05
run_19,3.3,-40,sf,-1.093e-02,1.043e-05
run_20,3.6,-40,sf,-9.672e-03,1.057e-05
run_21,3.0,27,sf,1.504e-02,1.049e-05
run_22,3.3,27,sf,1.651e-02,1.060e-05
run_23,3.6,27,sf,1.795e-02,1.071e-05
run_24,3.0,125,sf,-1.302e-02,1.014e-05
run_25,3.3,125,sf,-1.133e-02,1.023e-05
run_26,3.6,125,sf,-9.610e-03,1.033e-05
run_27,3.0,-40,fs,-1.230e-02,1.020e-05
run_28,3.3,-40,fs,-1.100e-02,1.030e-05
run_29,3.6,-40,fs,-9.707e-03,1.042e-05
run_30,3.0,27,fs,1.497e-02,1.041e-05
run_31,3.3,27,fs,1.645e-02,1.050e-05
run_32,3.6,27,fs,1.793e-02,1.060e-05
run_33,3.0,125,fs,-1.305e-02,1.008e-05
run_34,3.3,125,fs,-1.134e-02,1.015e-05
run_35,3.6,125,fs,-9.610e-03,1.024e-05
run_36,3.0,-40,ff,-1.121e-02,1.035e-05
run_37,3.3,-40,ff,-9.931e-03,1.048e-05
run_38,3.6,-40,ff,-8.651e-03,1.063e-05
run_39,3.0,27,ff,1.623e-02,1.053e-05
run_40,3.3,27,ff,1.768e-02,1.064e-05
run_41,3.6,27,ff,1.915e-02,1.077e-05
run_42,3.0,125,ff,-1.158e-02,1.018e-05
run_43,3.3,125,ff,-9.894e-03,1.027e-05
run_44,3.6,125,ff,-8.135e-03,1.037e-05
