run,vdd,temp,corner_mos,Idd_off_end,iout_off
run_00,3.0,-40,typical,2.655e-11,2.969e-12
run_01,3.6,-40,typical,4.070e-11,7.486e-12
run_02,3.0,27,typical,1.025e-10,1.079e-11
run_03,3.6,27,typical,1.302e-10,1.556e-11
run_04,3.0,125,typical,1.058e-09,9.104e-12
run_05,3.6,125,typical,1.087e-09,2.114e-11
run_06,3.0,-40,ss,2.569e-11,2.656e-12
run_07,3.6,-40,ss,3.467e-11,4.792e-12
run_08,3.0,27,ss,1.014e-10,1.074e-11
run_09,3.6,27,ss,1.237e-10,1.268e-11
run_10,3.0,125,ss,1.041e-09,4.762e-12
run_11,3.6,125,ss,1.058e-09,1.072e-11
run_12,3.0,-40,ff,9.997e-11,8.607e-12
run_13,3.6,-40,ff,5.483e-11,1.373e-11
run_14,3.0,27,ff,1.161e-10,1.147e-11
run_15,3.6,27,ff,1.583e-10,2.298e-11
run_16,3.0,125,ff,1.208e-09,4.193e-11
run_17,3.6,125,ff,1.260e-09,6.483e-11
