run,temp,corner_mos,corner_res,s_iout
run_00,-40,typical,res_typical,2.882e-03
run_01,27,typical,res_typical,3.284e-03
run_02,125,typical,res_typical,3.747e-03
run_03,-40,ss,res_typical,2.881e-03
run_04,27,ss,res_typical,3.278e-03
run_05,125,ss,res_typical,3.999e-03
run_06,-40,sf,res_typical,2.834e-03
run_07,27,sf,res_typical,3.231e-03
run_08,125,sf,res_typical,2.129e-03
run_09,-40,fs,res_typical,2.944e-03
run_10,27,fs,res_typical,3.347e-03
run_11,125,fs,res_typical,4.072e-03
run_12,-40,ff,res_typical,2.916e-03
run_13,27,ff,res_typical,3.310e-03
run_14,125,ff,res_typical,6.436e-04
run_15,-40,typical,res_ss,2.942e-03
run_16,27,typical,res_ss,3.342e-03
run_17,125,typical,res_ss,3.764e-03
run_18,-40,ss,res_ss,2.927e-03
run_19,27,ss,res_ss,3.319e-03
run_20,125,ss,res_ss,4.049e-03
run_21,-40,sf,res_ss,2.890e-03
run_22,27,sf,res_ss,3.284e-03
run_23,125,sf,res_ss,1.772e-03
run_24,-40,fs,res_ss,3.010e-03
run_25,27,fs,res_ss,3.412e-03
run_26,125,fs,res_ss,4.159e-03
run_27,-40,ff,res_ss,2.993e-03
run_28,27,ff,res_ss,3.386e-03
run_29,125,ff,res_ss,-5.224e-05
run_30,-40,typical,res_ff,2.831e-03
run_31,27,typical,res_ff,3.238e-03
run_32,125,typical,res_ff,3.752e-03
run_33,-40,ss,res_ff,2.850e-03
run_34,27,ss,res_ff,3.255e-03
run_35,125,ss,res_ff,3.977e-03
run_36,-40,sf,res_ff,2.786e-03
run_37,27,sf,res_ff,3.190e-03
run_38,125,sf,res_ff,2.504e-03
run_39,-40,fs,res_ff,2.888e-03
run_40,27,fs,res_ff,3.294e-03
run_41,125,fs,res_ff,4.008e-03
run_42,-40,ff,res_ff,2.844e-03
run_43,27,ff,res_ff,3.239e-03
run_44,125,ff,res_ff,1.350e-03
