run,temp,corner_res,corner_bjt,e_iout
run_00,-40,res_typical,bjt_typical,-1.221e-02
run_01,27,res_typical,bjt_typical,1.473e-02
run_02,125,res_typical,bjt_typical,-1.385e-02
run_03,-40,res_ss,bjt_typical,-2.135e-01
run_04,27,res_ss,bjt_typical,-1.937e-01
run_05,125,res_ss,bjt_typical,-2.196e-01
run_06,-40,res_ff,bjt_typical,0.325
run_07,27,res_ff,bjt_typical,0.365
run_08,125,res_ff,bjt_typical,0.333
run_09,-40,res_typical,bjt_ss,-5.212e-03
run_10,27,res_typical,bjt_ss,2.559e-02
run_11,125,res_typical,bjt_ss,3.647e-03
run_12,-40,res_ss,bjt_ss,-2.079e-01
run_13,27,res_ss,bjt_ss,-1.850e-01
run_14,125,res_ss,bjt_ss,-2.056e-01
run_15,-40,res_ff,bjt_ss,0.334
run_16,27,res_ff,bjt_ss,0.379
run_17,125,res_ff,bjt_ss,0.356
run_18,-40,res_typical,bjt_ff,-1.698e-02
run_19,27,res_typical,bjt_ff,7.249e-03
run_20,125,res_typical,bjt_ff,-2.599e-02
run_21,-40,res_ss,bjt_ff,-2.173e-01
run_22,27,res_ss,bjt_ff,-1.997e-01
run_23,125,res_ss,bjt_ff,-2.293e-01
run_24,-40,res_ff,bjt_ff,0.319
run_25,27,res_ff,bjt_ff,0.355
run_26,125,res_ff,bjt_ff,0.317
