run,t_ramp,vdd,temp,corner_mos,t_startup,e_end
run_00,1e-6,3.0,-40,typical,7.772e-07,-1.307e-02
run_01,1e-3,3.0,-40,typical,-2.933e-04,-1.307e-02
run_02,1e-6,3.6,-40,typical,6.663e-07,-1.136e-02
run_03,1e-3,3.6,-40,typical,-4.106e-04,-1.136e-02
run_04,1e-6,3.0,27,typical,9.245e-07,1.373e-02
run_05,1e-3,3.0,27,typical,-3.567e-04,1.373e-02
run_06,1e-6,3.6,27,typical,8.140e-07,1.573e-02
run_07,1e-3,3.6,27,typical,-4.634e-04,1.573e-02
run_08,1e-6,3.0,125,typical,1.178e-06,-1.504e-02
run_09,1e-3,3.0,125,typical,-4.554e-04,-1.504e-02
run_10,1e-6,3.6,125,typical,1.072e-06,-1.261e-02
run_11,1e-3,3.6,125,typical,-5.455e-04,-1.261e-02
run_12,1e-6,3.0,-40,ss,8.648e-07,-1.378e-02
run_13,1e-3,3.0,-40,ss,-2.507e-04,-1.378e-02
run_14,1e-6,3.6,-40,ss,7.438e-07,-1.208e-02
run_15,1e-3,3.6,-40,ss,-3.751e-04,-1.208e-02
run_16,1e-6,3.0,27,ss,1.023e-06,1.287e-02
run_17,1e-3,3.0,27,ss,-3.137e-04,1.287e-02
run_18,1e-6,3.6,27,ss,9.058e-07,1.486e-02
run_19,1e-3,3.6,27,ss,-4.275e-04,1.486e-02
run_20,1e-6,3.0,125,ss,1.292e-06,-1.610e-02
run_21,1e-3,3.0,125,ss,-4.117e-04,-1.610e-02
run_22,1e-6,3.6,125,ss,1.181e-06,-1.371e-02
run_23,1e-3,3.6,125,ss,-5.091e-04,-1.371e-02
run_24,1e-6,3.0,-40,sf,7.548e-07,-1.305e-02
run_25,1e-3,3.0,-40,sf,-3.206e-04,-1.305e-02
run_26,1e-6,3.6,-40,sf,6.476e-07,-1.137e-02
run_27,1e-3,3.6,-40,sf,-4.334e-04,-1.137e-02
run_28,1e-6,3.0,27,sf,9.018e-07,1.374e-02
run_29,1e-3,3.0,27,sf,-3.832e-04,1.374e-02
run_30,1e-6,3.6,27,sf,7.950e-07,1.572e-02
run_31,1e-3,3.6,27,sf,-4.855e-04,1.572e-02
run_32,1e-6,3.0,125,sf,1.153e-06,-1.505e-02
run_33,1e-3,3.0,125,sf,-4.803e-04,-1.505e-02
run_34,1e-6,3.6,125,sf,1.050e-06,-1.260e-02
run_35,1e-3,3.6,125,sf,-5.664e-04,-1.260e-02
run_36,1e-6,3.0,-40,fs,8.025e-07,-1.309e-02
run_37,1e-3,3.0,-40,fs,-2.632e-04,-1.309e-02
run_38,1e-6,3.6,-40,fs,6.852e-07,-1.134e-02
run_39,1e-3,3.6,-40,fs,-3.855e-04,-1.134e-02
run_40,1e-6,3.0,27,fs,9.477e-07,1.372e-02
run_41,1e-3,3.0,27,fs,-3.265e-04,1.372e-02
run_42,1e-6,3.6,27,fs,8.334e-07,1.576e-02
run_43,1e-3,3.6,27,fs,-4.382e-04,1.576e-02
run_44,1e-6,3.0,125,fs,1.203e-06,-1.503e-02
run_45,1e-3,3.0,125,fs,-4.251e-04,-1.503e-02
run_46,1e-6,3.6,125,fs,1.094e-06,-1.258e-02
run_47,1e-3,3.6,125,fs,-5.203e-04,-1.258e-02
run_48,1e-6,3.0,-40,ff,6.803e-07,-1.234e-02
run_49,1e-3,3.0,-40,ff,-3.359e-04,-1.234e-02
run_50,1e-6,3.6,-40,ff,5.870e-07,-1.061e-02
run_51,1e-3,3.6,-40,ff,-4.461e-04,-1.061e-02
run_52,1e-6,3.0,27,ff,8.185e-07,1.461e-02
run_53,1e-3,3.0,27,ff,-3.998e-04,1.461e-02
run_54,1e-6,3.6,27,ff,7.238e-07,1.664e-02
run_55,1e-3,3.6,27,ff,-4.993e-04,1.664e-02
run_56,1e-6,3.0,125,ff,1.051e-06,-1.396e-02
run_57,1e-3,3.0,125,ff,-4.991e-04,-1.396e-02
run_58,1e-6,3.6,125,ff,9.596e-07,-1.141e-02
run_59,1e-3,3.6,125,ff,-5.819e-04,-1.141e-02
